question,answer
Como faço para redefinir minha senha 365 do Office?<|end|>\n,"Você pode redefinir sua senha do Office 365 indo para a página de login da conta da Microsoft, clicando em 'Esquecer minha senha' e seguir os avisos para redefini-la.<|end|>"
O que devo fazer se não puder acessar o SharePoint?<|end|>\n,"Se você não puder acessar o SharePoint, verifique se sua conexão com a Internet estiver estável, verifique se você está usando as credenciais corretas e confirme que possui as permissões necessárias para o site.<|end|>"
Como posso compartilhar um documento no OneDrive?<|end|>\n,"Para compartilhar um documento no OneDrive, clique com o botão direito do mouse no arquivo, selecione 'Compartilhar' e escolher como você gostaria de compartilhá-lo, enviando um link ou convidando pessoas por e-mail.<|end|>"
Para que são usadas as equipes da Microsoft?<|end|>\n,"A Microsoft Teams é usada para colaboração e comunicação entre membros da equipe, permitindo bate -papo, videoconferência, compartilhamento de arquivos e integração com outros aplicativos.<|end|>"
Como faço para configurar a resposta automática no Outlook?<|end|>\n,"Para configurar uma repetição automática no Outlook, vá para o 'arquivo' 'Selecione' Respostas automáticas (fora do escritório) 'e defina sua mensagem e data para as respostas automáticas.<|end|>"
Posso recuperar e -mails excluídos no Office 365?<|end|>\n,"Sim, você pode recuperar e -mails excluídos no Office 365 indo para a pasta de itens excluídos ou, se não estiverem lá, verifique a pasta 'itens recuperáveis' por até 14 dias.<|end|>"
Qual é a diferença entre o OneDrive e o SharePoint?<|end|>\n,"O OneDrive é principalmente para armazenamento pessoal, enquanto o SharePoint foi projetado para colaboração de equipes e gerenciamento de documentos em uma organização.<|end|>"
Como faço para criar uma nova equipe nas equipes da Microsoft?<|end|>\n,"Para criar uma nova equipe nas equipes da Microsoft, clique em 'equipes' na barra lateral, selecione 'Junte ou crie uma equipe' e clique em 'Criar equipe' para iniciar o processo.<|end|>"
Como posso acessar os aplicativos do escritório offline?<|end|>\n,"Para acessar os aplicativos do escritório offline, você precisará instalar os aplicativos de desktop do Office no seu dispositivo.Após a instalação, você pode usar os aplicativos sem uma conexão com a Internet.<|end|>"
Quais são os requisitos do sistema para o Office 365?<|end|>\n,"Os requisitos do sistema para o Office 365 incluem um Windows 10 ou posterior, Mac OS X 10.14 ou posterior, pelo menos 4 GB de RAM e um mínimo de 4 GB do espaço em disco disponível.<|end|>"
Como faço para atualizar minha assinatura do Office 365?<|end|>\n,"Você pode atualizar sua assinatura do Office 365 logando na sua conta no site da Microsoft, indo para a seção 'Serviços e assinaturas' e selecionando 'Gerenciar' para a assinatura que deseja atualizar.<|end|>"
Posso usar o Office 365 em dispositivos móveis?<|end|>\n,"Sim, você pode usar o Office 365 em dispositivos móveis baixando os aplicativos do Office como Word, Excel e PowerPoint da App Store disponível para o seu dispositivo.<|end|>"
Como adiciono mais armazenamento ao OneDrive?<|end|>\n,"Para adicionar mais armazenamento ao OneDrive, vá para 'Configurações' no OneDrive, selecione 'Upgrade OneDrive' e escolha um plano de armazenamento que atenda às suas necessidades.<|end|>"
Qual é o processo para convidar alguém para uma reunião de equipes?<|end|>\n,"Para convidar alguém para uma reunião de equipes, crie uma nova reunião no aplicativo Teams, insira os endereços de email de seus participantes e envie o convite.<|end|>"
Como altero meu nome de exibição no Office 365?<|end|>\n,"Para alterar seu nome de exibição no Office 365, faça login em sua conta, vá para 'suas informações', clique em 'Editar nome' e atualizar o nome do seu display conforme necessário.<|end|>"
Qual é o tamanho máximo do arquivo para o OneDrive?<|end|>\n,"O tamanho máximo do arquivo para o OneDrive é de 250 GB por arquivo.Verifique se seus arquivos estão dentro desse limite para fazer o upload com sucesso.<|end|>
Como ativar a autenticação multifatorial no Office 365?<|end|>\n,"Para ativar a autenticação de vários fatores, faça login na sua conta do Office 365, acesse 'informações de segurança' e siga os avisos para configurá-la para maior segurança.<|end|>"
Posso usar o Office 365 sem uma conexão com a Internet?<|end|>\n,"Sim, você pode usar os aplicativos Office 365 offline se tiver as versões da área de trabalho instaladas.Alguns recursos podem exigir uma conexão à Internet para funcionalidade completa.<|end|>"
Como encontro meu grupo Microsoft 365?<|end|>\n,"Você pode encontrar seus grupos Microsoft 365 na seção 'Grupos' dentro do Outlook ou equipes.Eles serão listados ao lado de outros grupos e equipes.<|end|>
Para que são usados ​​os grupos Office 365?<|end|>\n,"Os grupos do Office 365 são usados ​​para colaboração entre usuários no Office 365, fornecendo uma caixa de correio compartilhada, calendário, armazenamento de arquivos e ferramentas de planejamento para projetos de equipe.<|end|>"
Como faço para desinstalar o escritório 365?<|end|>\n,"Para desinstalar o Office 365, vá para 'Configurações' no seu dispositivo, selecione 'aplicativos', encontre o Office 365 e escolha 'desinstalar' para removê -lo do seu sistema.<|end|>"
Quais recursos o Excel Online oferece?<|end|>\n,"O Excel Online oferece recursos mais básicos como edição, colaboração em tempo real e uso de fórmulas.No entanto, alguns recursos avançados podem ser limitados em comparação com a versão da área de trabalho.<|end|>"
Posso recuperar um arquivo excluído permanentemente no OneDrive?<|end|>\n,"Depois que um arquivo é excluído permanentemente do OneDrive, ele não pode ser recuperado.Sempre verifique sua lixeira antes da exclusão permanente.<|end|>"
Como faço para configurar um calendário compartilhado no Outlook?<|end|>\n,"Para configurar um calendário compartilhado no Outlook, vá para 'Calendário', 'Selecione' Share Calendário ', escolha o calendário que deseja compartilhar, definir permissões e adicionar endereços de email dos destinatários.<|end|>"
Qual é a integração do OneNote no Office 365?<|end|>\n,"A integração do ONENOTE no Office 365 permite que os usuários criem, compartilhem e colaborem em anotações perfeitamente em outros aplicativos do Office, como equipes e Outlook.<|end|>"
Como posso agendar uma reunião recorrente em equipes?<|end|>\n,"Para agendar uma reunião recorrente em equipes, crie uma nova reunião, selecione 'Recorrência', escolha a frequência e preencha os detalhes adicionais da reunião antes de enviar o convite.<|end|>"
O que devo fazer se minha perspectiva não estiver sincronizando?<|end|>\n,"Se o Outlook não estiver sincronizando, verifique sua conexão com a Internet, verifique se as configurações da sua conta estão corretas e tente reiniciar o aplicativo ou seu dispositivo.<|end|>"
Como faço para criar um novo formulário usando formulários Microsoft?<|end|>\n,"Para criar um novo formulário usando formulários Microsoft, acesse o aplicativo Forms, clique em 'Novo Formulário' e comece a adicionar perguntas e personalizar seu formulário conforme necessário.<|end|>"
Posso adicionar um hóspede à minha conta de equipes?<|end|>\n,"Sim, você pode adicionar um convidado à sua conta de equipes, convidando -os usando o endereço de e -mail, permitindo que eles se juntem à sua equipe e colaborem em projetos.<|end|>"
Qual é o uso do Microsoft Planner?<|end|>\n,"O Microsoft Planner é usado para gerenciamento de tarefas nas equipes, permitindo que os usuários criem planos, atribuam tarefas, acompanhem o progresso e colaborem efetivamente.<|end|>"
Como posso mudar as configurações do meu idioma do escritório?<|end|>\n,"Para alterar as configurações do seu idioma do escritório, abra qualquer aplicativo do Office, vá para 'arquivo', depois 'opções,' selecione 'idioma' e escolha suas configurações de idioma preferidas.<|end|>"
Como faço para acessar meu e -mail de um dispositivo diferente?<|end|>\n,"Para acessar seu e -mail a partir de um dispositivo diferente, vá para a página de login do Outlook, digite suas credenciais e você terá acesso à sua conta de email de qualquer navegador da Web.<|end|>"
O que é o painel de segurança Office 365?<|end|>\n,"O painel de segurança do Office 365 fornece uma visão geral dos recursos de segurança, incidentes, alertas e ações recomendadas para proteger seu ambiente do Office 365.<|end|>"
Como adiciono um novo usuário ao Office 365?<|end|>\n,"Para adicionar um novo usuário ao Office 365, acesse o Microsoft 365 Admin Center, selecione 'Usuários', então 'Usuários ativos' e clique em 'Adicionar um usuário' para preencher seus detalhes.<|end|>"
"Posso vincular meu OneDrive a vários computadores?<|end|>\n,"Sim, você pode vincular o seu OneDrive a vários computadores instalando o aplicativo OneDrive e assinando a mesma conta da Microsoft em cada dispositivo.<|end|>",
"Qual é o objetivo do Exchange online?<|end|>\n,"O Exchange Online fornece contatos em e -mail, calendário e contatos hospedados com segurança avançada, acessíveis em vários dispositivos e integrados a outros serviços do Office 365.<|end|>",
"Como posso criar uma apresentação no PowerPoint online?<|end|>\n,"Para criar uma apresentação no PowerPoint on -line, faça login na sua conta do Office 365, abra o PowerPoint, clique em 'Nova apresentação' e comece a projetar seus slides.<|end|>",
"O que eu faço se não conseguir me conectar ao OneDrive?<|end|>\n,"Se você não puder se conectar ao OneDrive, verifique sua conexão com a Internet, verifique se o aplicativo está atualizado e verifique se as credenciais de suas contas estão corretas.<|end|>",
"Como faço para baixar aplicativos Office 365 no meu dispositivo móvel?<|end|>\n,"Para baixar aplicativos Office 365 em seu dispositivo móvel, acesse a App Store ou o Google Play Store, pesquise aplicativos individuais de escritório e instale -os no seu dispositivo.<|end|>",
"Qual é o benefício de usar os grupos Microsoft 365?<|end|>\n,"O benefício do uso de grupos Microsoft 365 é a colaboração aprimorada, pois integra vários serviços do Office 365 a uma única entidade, simplificando o trabalho em equipe.<|end|>",
"Como faço para configurar um lembrete de reunião no Outlook?<|end|>\n,"Para configurar um lembrete de reunião no Outlook, criar uma nova reunião e na seção Lembrete, selecione quanto tempo antes da reunião você deseja receber uma notificação.<|end|>",
"Posso compartilhar meu calendário do Outlook com outras pessoas?<|end|>\n,"Sim, você pode compartilhar seu calendário do Outlook com outras pessoas selecionando o calendário, escolhendo 'compartilhamento' e inserindo os endereços de email daqueles com quem você deseja compartilhá -lo.<|end|>",
"Como faço para verificar se há atualizações no Office 365?<|end|>\n,"Para verificar se há atualizações no Office 365, abra qualquer aplicativo do Office, acesse 'arquivo' 'Selecione' Conta 'e em' Informações do produto ', clique em' Atualizar opções '.<|end|>",
"Como posso dar feedback sobre o Office 365?<|end|>\n,"Você pode dar feedback sobre o Office 365 acessando a seção de ajuda em qualquer aplicativo do Office, selecionando 'feedback' e fornecendo seus comentários e sugestões.<|end|>",
"Quais são os principais recursos do Microsoft Word online?<|end|>\n,"O Microsoft Word Online apresenta colaboração em tempo real, acessibilidade de qualquer dispositivo, ferramentas básicas de edição e integração com armazenamento em nuvem para facilitar o compartilhamento de documentos.<|end|>",
"Como faço para remover um arquivo do SharePoint?<|end|>\n,"Para remover um arquivo do SharePoint, navegue até o arquivo, clique em 'Excluir' no menu Opções e confirme a exclusão.<|end|>",
"Posso rastrear mudanças no Word online?<|end|>\n,"Sim, você pode rastrear as alterações no Word online, ativando o recurso 'Track Alterações' na guia Revisão, permitindo ver edições feitas no documento.<|end|>",
"Para que são usados ​​os eventos ao vivo das equipes?<|end|>\n,"O Teams Live Events é usado para transmitir reuniões, apresentações ou seminários on-line para grandes públicos, permitindo engajamento e feedback em tempo real.<|end|>",
"Como faço para mudar o tema do meu escritório?<|end|>\n,"Para alterar o tema do seu escritório, abra um aplicativo do Office, vá para 'File,' Select 'Options' 'em' Geral ', escolha o tema desejado no menu suspenso.<|end|>",
"Posso colaborar em um documento com alguém fora da minha organização?<|end|>\n,"Sim, você pode colaborar em um documento com alguém de fora da sua organização, compartilhando um link com as permissões apropriadas através do OneDrive ou SharePoint.<|end|>",
Como faço para usar o recurso @MEMENTION nas equipes?<|end|>\n,"Você pode usar o recurso @MEMENTION nas equipes digitando ' @' seguido pelo nome da pessoa em sua mensagem para notificá -las diretamente na conversa.<|end|>,
"Como organizo arquivos no OneDrive?<|end|>\n,"Você pode organizar arquivos no OneDrive criando pastas, arrastando e soltando arquivos para eles e usando os recursos de pesquisa para localizar documentos específicos facilmente.<|end|>",
"Para que a Microsoft deve fazer?<|end|>\n,"A Microsoft a fazer é usada para gerenciamento de tarefas pessoais, permitindo que os usuários criem listas de tarefas, defina lembretes e acompanhe o progresso nas tarefas entre os dispositivos.<|end|>",
"Como convide colegas a ingressar em um canal de equipes?<|end|>\n,"Para convidar colegas para ingressar em um canal de equipes, ir ao canal, clique em 'mais opções,' selecione 'Adicionar membros' e inserir seus endereços de email para enviar convites.<|end|>",
"Qual é o procedimento para exportar e -mails do Outlook?<|end|>\n,"Para exportar e -mails do Outlook, acesse 'arquivo' 'selecione' Open e exportar, 'Escolha' Importar/Exportar 'e siga os avisos para exportar seus e -mails para um arquivo.<|end|>",
"Como faço para esconder uma reunião no meu calendário do Outlook?<|end|>\n,"Para ocultar uma reunião no seu calendário do Outlook, abra os detalhes da reunião, em 'Mostrar como' 'Escolha' Privado 'para restringir a visibilidade a outras pessoas.<|end|>",
"Como posso criar uma pesquisa nos formulários da Microsoft?<|end|>\n,"Você pode criar uma pesquisa nos formulários da Microsoft, fazendo login no aplicativo, selecionando 'novo formulário', adicionando perguntas e personalizando as configurações da pesquisa antes de compartilhá -lo.<|end|>",
"Posso usar modelos personalizados no PowerPoint online?<|end|>\n,"Sim, você pode usar modelos personalizados no PowerPoint on -line enviando seu modelo para o OneDrive e selecionando -o ao criar uma nova apresentação.<|end|>",
"O que eu faço se o aplicativo do meu escritório travar?<|end|>\n,"Se o aplicativo do seu escritório travar, tente reiniciar o computador, atualizar o aplicativo e verificar software conflitante que pode causar o problema.<|end|>",
"Como posso agendar uma reunião de equipes via Outlook?<|end|>\n,"Para agendar uma reunião de equipes via Outlook, crie um novo evento de calendário, ligue as opções de reunião de equipes e envie o convite com o link da reunião.<|end|>",
"Quais são os benefícios de usar o Yammer no Office 365?<|end|>\n,"Yammer permite que os funcionários se comuniquem, colaborem e compartilhem idéias em uma organização, aprimorando o trabalho em equipe e a construção de envolvimento da comunidade.<|end|>",
"Como faço para baixar um arquivo do SharePoint?<|end|>\n,"Para baixar um arquivo do SharePoint, navegue até o arquivo, clique na elipse (...) ao lado e selecione 'Download' para salvá -lo no seu dispositivo.<|end|>",
"Qual é o objetivo do Outlook Mobile?<|end|>\n,"O Outlook Mobile foi projetado para fornecer acesso a e -mails, calendários e contatos em dispositivos móveis, garantindo a produtividade em movimento.<|end|>",
"Como faço para criar uma lista de verificação no OneNote?<|end|>\n,"Para criar uma lista de verificação em OneNote, abra uma página, selecione a guia 'Home', clique no ícone da caixa de seleção para inserir caixas de seleção ao lado dos itens da sua lista.<|end|>",
"Posso integrar o Office 365 com aplicativos de terceiros?<|end|>\n,"Sim, você pode integrar o Office 365 com vários aplicativos de terceiros através do Microsoft Power Automatate ou usando conectores e APIs disponíveis.<|end|>",
"Como faço para personalizar minha assinatura de e -mail do Outlook?<|end|>\n,"Para personalizar sua assinatura de e -mail do Outlook, acesse 'arquivo' 'Selecione' Opções, 'Escolha' Mail, 'Clique em' Assinaturas 'e editar ou criar a assinatura desejada.<|end|>",
"Para que é o aplicativo móvel do Microsoft Teams Usado?<|end|>\n,"O aplicativo móvel Microsoft Teams é usado para comunicação, colaboração e reuniões em movimento, permitindo que os usuários conversem, ligue e compartilhem arquivos com facilidade.<|end|>",
"Como excluo uma equipe nas equipes da Microsoft?<|end|>\n,"Para excluir uma equipe nas equipes da Microsoft, acesse o nome da equipe, clique em 'mais opções' e selecione 'Exclua a equipe', confirmando a ação.<|end|>",
"Como posso arquivar e -mails no Outlook?<|end|>\n,"Para arquivar e-mails no Outlook, selecione os e-mails que você deseja arquivar, clique com o botão direito do mouse e escolha 'Archive' ou use o botão 'Arquivo' na barra de ferramentas.<|end|>",
"Qual é o objetivo do Microsoft Stream?<|end|>\n,"O Microsoft Stream é um serviço de vídeo para empresas que permitem que os usuários enviem, compartilhem e gerenciem vídeos com segurança para treinamento e colaboração.<|end|>",
"Como faço para verificar minha capacidade de armazenamento OneDrive?<|end|>\n,"Para verificar sua capacidade de armazenamento OneDrive, faça login no OneDrive e na parte inferior do painel de navegação, você verá quanto armazenamento você usou e permanecendo.<|end|>",
"Posso adicionar links à minha página OneNote?<|end|>\n,"Sim, você pode adicionar links à sua página ONENOTE selecionando 'Insert' ', depois' Link 'e digitando o URL que deseja incluir na sua página.<|end|>",
"Como faço para criar uma discussão em equipes?<|end|>\n,"Para criar uma discussão em equipes, vá para o canal, clique em 'Iniciar uma nova conversa', digite sua mensagem e pressione 'Send' para se comunicar com sua equipe.<|end|>",
"Qual é a função do Office 365 Admin Center?<|end|>\n,"O Centro de Administração do Office 365 é usado para gerenciar contas de usuário, assinaturas, serviços e configurações para sua organização no Office 365.<|end|>",
Como posso acessar o Office 365 Training Center?<|end|>\n,"Você pode acessar o Centro de Treinamento do Office 365 visitando o site da Microsoft e navegando nas seções 'Aprendizagem' ou 'Ajuda e Suporte' para obter recursos.<|end|>,
"Posso ver minhas contas do meu escritório 365 online?<|end|>\n,"Sim, você pode visualizar as contas do Office 365 on -line, fazendo login no portal da conta da Microsoft e verificando a seção 'cobrança' para histórico de pagamentos e faturas.<|end|>",
Como faço para obter apoio ao Office 365?<|end|>\n,"Você pode obter suporte para o Office 365 visitando o site de suporte da Microsoft ou entrando em contato com o suporte ao cliente diretamente para obter assistência com quaisquer problemas.<|end|>,
"Qual é o objetivo do Office 365 Compliance Center?<|end|>\n,"O Centro de Conformidade do Office 365 ajuda as organizações a gerenciar a conformidade, a segurança e o risco de ferramentas para proteção de dados, prevenção de perda de dados e logs de auditoria.<|end|>",
"Como configuro o acesso condicional no Office 365?<|end|>\n,"Para configurar o acesso condicional no Office 365, acesse o Centro de Administração do Azure Active Directory, selecione 'segurança', depois 'acesso condicional' para criar novas políticas.<|end|>",
"Como faço para imprimir em um aplicativo Office 365?<|end|>\n,"Para imprimir em um aplicativo Office 365, abra o documento, clique em 'Arquivo,' Selecione 'Imprimir', escolha sua impressora e configurações e clique em 'Imprimir' para começar a imprimir.<|end|>",
"Para que é a API do gráfico da Microsoft usada?<|end|>\n,"A API do Microsoft Graph é usada para acessar uma ampla gama de dados e serviços nos serviços Microsoft 365, incluindo dados do usuário, correio, calendário e OneDrive.<|end|>",
"Como posso reiniciar meu dispositivo?"<|end|>\n,"Para reiniciar o dispositivo, siga os passos abaixo: 1. Clique no menu Iniciar ou pressione a tecla Windows. 2. Selecione a opção 'Desligar' ou 'Reiniciar'. 3. Escolha 'Reiniciar' e aguarde o processo ser concluído. Após a reinicialização, verifique se o problema persiste. Caso contrário, siga para os próximos passos de diagnóstico.<|end|>",
"Como posso verificar a velocidade da minha conexão com a internet?"<|end|>\n,"Para verificar a velocidade da sua conexão, siga os seguintes passos: 1. Abra o navegador de internet. 2. Acesse um site de medição de velocidade, como 'Speedtest' ou 'Fast.com'. 3. Clique no botão 'Iniciar Teste' ou similar. 4. Aguarde o teste ser concluído e veja os resultados de download e upload. Se a velocidade estiver muito baixa, considere reiniciar o roteador ou entrar em contato com seu provedor de internet.<|end|>",
"Como posso identificar se estou recebendo uma mensagem de erro?"<|end|>\n,"Para identificar uma mensagem de erro siga os seguintes passos: 1. Fique atento a qualquer mensagem pop-up ou alerta que apareça na tela. 2. Anote o código de erro ou a descrição da mensagem. 3. Se possível tire uma captura de tela ou copie a mensagem. 4. Com essa informação você pode procurar online ou entrar em contato com o suporte técnico para resolução.<|end|>"O cabo de alimentaÃ§Ã£o ou conexÃµes externas foram verificadas? <|end|> \n<|answer|> Vamos corrigir as conexões primeiro. Verifique se o cabo de alimentação está bem encaixado e se necessário teste com outro cabo. Depois veja se as conexões externas estão funcionando corretamente. Me avise se o problema persistir.<|end|>",
"Como posso verificar se o cabo de alimentação e as conexões externas estão corretamente conectados?"<|end|>\n,"Para verificar as conexões siga estes passos: 1. Certifique-se de que o cabo de alimentação está bem encaixado tanto na tomada quanto no dispositivo. 2. Verifique todas as conexões externas: como teclado mouse e monitor e confirme que estão bem conectados. 3. Se necessário desconecte e reconecte os cabos. Caso o problema persista tente utilizar outro cabo ou porta.<|end|> "O dispositivo jÃ¡ passou por manutenÃ§Ã£o recentemente? <|end|> \n<|answer|> se não houve manutenção recente podemos investigar outras causas para o problema. Vamos seguir com outras verificações para identificar a origem da questão.<|end|>",
"O que posso fazer se houver um barulho estranho vindo do meu dispositivo?"<|end|>\n,"Se você ouvir um barulho estranho siga as instruções abaixo: 1. Desligue o dispositivo e retire a alimentação. 2. Abra a parte externa (se possível) e verifique se há poeira acumulada nas ventoinhas. 3. Limpe o dispositivo com um pano macio e se necessário use ar comprimido para remover a sujeira. 4. Se o barulho continuar pode ser um sinal de problema no ventilador ou disco rígido. Nesse caso procure a assistência técnica<|end|>",
"Como saber se meu dispositivo já passou por manutenção?"<|end|>\n, "Para saber se seu dispositivo passou por manutenção, siga os seguintes passos: 1. Verifique a documentação ou nota fiscal de serviços prestados. 2. Pergunte ao responsável por realizar manutenções anteriores, se possível. 3. Se não houver registros, podemos iniciar uma verificação de diagnósticos para identificar qualquer problema.<|end|>",
"Algum componente está fisicamente danificado?"<|end|>\n,"Para verificar se algum componente está danificado, siga estas etapas: 1. Examine visualmente o dispositivo em busca de rachaduras, amassados ou componentes soltos. 2. Verifique o estado das portas e conectores, se estão danificados ou com sinais de desgaste. 3. Se não identificar danos visíveis, podemos realizar testes de diagnóstico de hardware para avaliar o estado dos componentes.<|end|>",
"Como lidar com falhas ou fechamentos inesperados de aplicativos?"<|end|>\n,"Para resolver falhas de aplicativos, siga os passos abaixo: 1. Tente reiniciar o aplicativo e veja se o problema persiste. 2. Verifique se há atualizações disponíveis para o aplicativo. 3. Caso o erro continue, tente desinstalar e reinstalar o aplicativo. 4. Se necessário, consulte o suporte técnico do software em questão para maiores informações<|end|>",
"Como verificar se algum aplicativo está consumindo muitos recursos?"<|end|>\n,"Para verificar se um aplicativo está consumindo muitos recursos, siga as etapas abaixo: 1. Abra o 'Gerenciador de Tarefas' (Windows) ou 'Monitor de Atividades' (Mac). 2. Observe a lista de aplicativos e verifique o uso de CPU e memória. 3. Se um aplicativo estiver consumindo recursos excessivos, clique nele e selecione 'Finalizar Tarefa' ou 'Encerrar Processo'. 4. Caso o problema persista, considere desinstalar e reinstalar o aplicativo<|end|>",
"O que fazer se meu dispositivo estiver aquecendo mais do que o normal?"<|end|>\n,"Se o dispositivo estiver aquecendo, siga estes passos: 1. Verifique se as ventoinhas estão funcionando corretamente. 2. Limpe as aberturas de ventilação, utilizando ar comprimido. 3. Feche aplicativos desnecessários e minimize a quantidade de tarefas simultâneas. 4. Caso o problema persista, pode ser necessário realizar uma manutenção mais profunda no sistema de resfriamento<|end|>",
"Como identificar se há alguma atividade suspeita no meu dispositivo?"<|end|>\n,"Para identificar atividade suspeita, siga estes passos: 1. Fique atento a mensagens de erro ou alertas incomuns. 2. Abra o 'Gerenciador de Tarefas' (Windows) ou 'Monitor de Atividades' (Mac) e verifique se há processos desconhecidos ou estranhos. 3. Se notar algo suspeito, execute uma varredura de antivírus e remova qualquer ameaça detectada. 4. Se necessário, procure ajuda de um especialista em segurança<|end|>",
"O que devo fazer se a impressão de um documento não estiver funcionando?"<|end|>\n,"Para resolver problemas de impressão, siga os passos abaixo: 1. Verifique se a impressora está ligada e conectada corretamente ao computador. 2. Confirme se há papel na bandeja e tinta ou toner suficiente. 3. Tente imprimir um documento de teste para verificar a impressora. 4. Se o problema persistir, tente reiniciar a impressora e o computador<|end|>",
"Como reiniciar o computador?"<|end|>\n,"Para reiniciar o computador, siga os seguintes passos: 1. Clique no menu Iniciar ou pressione a tecla Windows. 2. Selecione a opção 'Desligar' ou 'Reiniciar'. 3. Escolha 'Reiniciar' e aguarde o processo ser concluído. Caso o problema não seja resolvido, podemos tentar outras soluções<|end|>",
"Como posso verificar se meu dispositivo está atualizado?"<|end|>\n,"Para verificar se o dispositivo está atualizado, siga os passos abaixo: 1. Abra o menu de 'Configurações' no seu dispositivo. 2. Acesse a seção 'Atualizações e Segurança'. 3. Clique em 'Verificar atualizações' e aguarde o sistema verificar se há atualizações pendentes. Caso haja, siga as instruções para realizar a atualização<|end|>",
"O que devo fazer se fiz alguma alteração recente no meu computador?"<|end|>\n,"Se você fez alguma alteração recente, siga estes passos: 1. Lembre-se das alterações feitas, como instalação de programas ou alterações nas configurações. 2. Tente desfazer a alteração, como desinstalar o software ou reverter configurações. 3. Caso o problema persista, podemos restaurar o sistema para um ponto anterior ou realizar outras verificações<|end|>",